epoch,total_loss,g_loss,r_loss,l_loss,psy_loss,val_loss,lr
1,9.49839077,1.58804663,1.58204214,2.431e-05,3.64e-06,nan,3.1622776601683795e-05
2,1.46401881,1.3859866,0.01554418,0.00014547,5.53e-06,nan,3.1622776601683795e-05
3,1.37942399,1.32984616,0.00981631,0.00023462,8.72e-06,nan,3.1622776601683795e-05
4,1.26968052,1.22726682,0.00845199,5.308e-05,3.36e-06,nan,3.1622776601683795e-05
5,1.22534704,1.18666997,0.00768603,0.00010875,4.61e-06,1.4121563,3.1622776601683795e-05
6,1.19627759,1.15942861,0.00730661,0.00015899,5.23e-06,nan,3.1622776601683795e-05
7,1.08625079,1.05071323,0.00707457,6.779e-05,3.23e-06,nan,3.1622776601683795e-05
8,1.02539876,0.99077387,0.00687673,0.00011931,4.06e-06,nan,3.1622776601683795e-05
9,0.88682526,0.85263709,0.00676501,0.00020033,5.43e-06,nan,3.1622776601683795e-05
10,0.7540032,0.72015617,0.00667353,0.00028278,6.55e-06,0.683935,3.1622776601683795e-05
11,0.72709709,0.6934301,0.00663274,0.00030454,6.63e-06,nan,3.1622776601683795e-05
12,0.64790044,0.61468561,0.00661974,4.245e-05,2.46e-06,nan,3.1622776601683795e-05
13,0.58865018,0.55554412,0.00660222,3.013e-05,2.16e-06,nan,3.1622776601683795e-05
14,0.57904583,0.54604189,0.00658149,3.078e-05,2.19e-06,nan,3.1622776601683795e-05
15,0.60262658,0.56964993,0.0065673,5.454e-05,2.85e-06,0.61641091,3.1622776601683795e-05
16,0.64110639,0.60793841,0.00656414,0.00018704,5.34e-06,nan,3.1622776601683795e-05
17,0.57294151,0.53993302,0.00655788,0.00010259,3.88e-06,nan,3.1622776601683795e-05
18,0.57463441,0.54164075,0.00653433,0.00017078,5.04e-06,nan,3.1622776601683795e-05
19,0.55694968,0.52430343,0.00651681,1.614e-05,1.54e-06,nan,3.1622776601683795e-05
20,0.60713107,0.57446865,0.00650744,4.762e-05,2.59e-06,0.59106686,3.1622776601683795e-05
21,0.59420387,0.56155522,0.00650781,3.775e-05,2.39e-06,nan,3.1622776601683795e-05
22,0.5418787,0.50927057,0.0064974,4.434e-05,2.56e-06,nan,3.1622776601683795e-05
23,0.55056386,0.5179416,0.00650147,3.632e-05,2.62e-06,nan,3.1622776601683795e-05
24,0.5263087,0.49372674,0.00649811,2.982e-05,2.05e-06,nan,3.1622776601683795e-05
25,0.57774536,0.5451692,0.00649928,1.729e-05,2.08e-06,0.47989871,3.1622776601683795e-05
1,3.40641383,0.02630972,0.67515672,0.00295969,4.536e-05,nan,3.1622776601683795e-05
2,0.04955253,0.00029911,0.00982896,5.65e-06,3.43e-06,nan,3.1622776601683795e-05
3,0.03717017,0.0036331,0.00662793,5.41e-06,1.307e-05,nan,3.1622776601683795e-05
4,0.02956923,0.00592596,0.00460696,8.9e-06,1.999e-05,nan,3.1622776601683795e-05
1,7.92825762,0.97231673,1.39115961,3.329e-05,3.65e-06,nan,3.1622776601683795e-05
2,0.91018968,0.84554092,0.01283628,0.00027308,6.48e-06,nan,3.1622776601683795e-05
3,0.81358773,0.75571491,0.01152464,0.00012692,4.09e-06,nan,3.1622776601683795e-05
4,0.77315382,0.71729221,0.0111509,3.353e-05,2.45e-06,nan,3.1622776601683795e-05
5,0.75199206,0.69787002,0.01080287,3.771e-05,2.33e-06,0.78090239,3.1622776601683795e-05
6,0.72450317,0.67145221,0.01057396,7.702e-05,3.47e-06,nan,3.1622776601683795e-05
7,0.66390294,0.61171638,0.01040819,5.913e-05,2.88e-06,nan,3.1622776601683795e-05
8,0.62987675,0.57840293,0.01028101,2.113e-05,1.59e-06,nan,3.1622776601683795e-05
9,0.60686228,0.55562308,0.01022266,4.978e-05,2.54e-06,nan,3.1622776601683795e-05
10,0.54505469,0.4941069,0.01016787,4.299e-05,2.18e-06,0.57639787,3.1622776601683795e-05
11,0.47560113,0.42488783,0.01013165,1.669e-05,1.28e-06,nan,3.1622776601683795e-05
12,0.43497456,0.38423473,0.01013215,2.622e-05,1.76e-06,nan,3.1622776601683795e-05
13,0.38750675,0.33683663,0.01012376,1.472e-05,1.22e-06,nan,3.1622776601683795e-05
14,0.35941721,0.30868949,0.01011175,8.319e-05,2.86e-06,nan,3.1622776601683795e-05
15,0.34768768,0.29714284,0.01010239,7.15e-06,8.6e-07,0.35386748,3.1622776601683795e-05
16,0.33119729,0.28054483,0.01012156,1.255e-05,1.07e-06,nan,3.1622776601683795e-05
17,0.32611394,0.27562499,0.01009246,4.6e-06,7.4e-07,nan,3.1622776601683795e-05
18,0.3338651,0.28333636,0.0100868,3.922e-05,1.85e-06,nan,3.1622776601683795e-05
19,0.32139378,0.27088793,0.01008545,3.215e-05,1.55e-06,nan,3.1622776601683795e-05
20,0.32940056,0.27895299,0.01008036,1.414e-05,1.05e-06,0.27482995,3.1622776601683795e-05
21,0.31971278,0.26935733,0.01006384,9.19e-06,9e-07,nan,3.1622776601683795e-05
22,0.3239186,0.27353987,0.01006776,1.16e-05,9.4e-07,nan,3.1622776601683795e-05
23,0.31595768,0.26563302,0.01005679,1.15e-05,9.7e-07,nan,3.1622776601683795e-05
24,0.3128538,0.26262798,0.01003934,7.17e-06,7.3e-07,nan,3.1622776601683795e-05
25,0.32560731,0.27531265,0.01004972,1.51e-05,1.03e-06,0.39690639,3.1622776601683795e-05
26,0.32667943,0.27635993,0.01005071,2.17e-05,1.47e-06,nan,3.1622776601683795e-05
27,0.31707709,0.26679769,0.0100467,1.348e-05,1.08e-06,nan,3.1622776601683795e-05
28,0.32416706,0.27385916,0.01005269,1.319e-05,1.04e-06,nan,3.1622776601683795e-05
29,0.31933533,0.26889069,0.01008162,9.98e-06,8.9e-07,nan,3.1622776601683795e-05
30,0.32250447,0.27206226,0.01007513,2.173e-05,1.49e-06,0.31055291,3.1622776601683795e-05
31,0.31171115,0.26158253,0.01002029,6.3e-06,7e-07,nan,3.1622776601683795e-05
32,0.31208532,0.26174201,0.01005817,1.636e-05,1.2e-06,nan,3.1622776601683795e-05
33,0.32214205,0.27083212,0.01025132,1.821e-05,1.17e-06,nan,3.1622776601683795e-05
34,0.31409144,0.26401749,0.01001006,4.93e-06,6.2e-07,nan,3.1622776601683795e-05
35,0.31661519,0.26617437,0.01007923,1.277e-05,1.06e-06,0.41093955,3.1622776601683795e-05
36,0.31446981,0.26419643,0.0100471,1.047e-05,9.1e-07,nan,3.1622776601683795e-05
37,0.31401692,0.26300646,0.01019051,1.969e-05,1.27e-06,nan,3.1622776601683795e-05
38,0.30933326,0.25916401,0.01002884,5.62e-06,6.5e-07,nan,3.1622776601683795e-05
39,0.31622812,0.26592227,0.01004721,2.596e-05,1.46e-06,nan,3.1622776601683795e-05
40,0.31650671,0.26622382,0.01004913,9.75e-06,9.2e-07,0.34253803,3.1622776601683795e-05
1,4.12655239,2.16576002,0.77898466,0.0066639,0.00027964,nan,3.1622776601683795e-05
2,0.23366608,1.72739814,0.01071389,0.00019851,0.00023861,nan,3.1622776601683795e-05
3,0.19881578,1.42467898,0.01040093,0.00021045,0.00013776,nan,3.1622776601683795e-05
4,0.17086734,1.17179581,0.0102054,0.0001019,8.53e-05,nan,3.1622776601683795e-05
5,0.1639145,1.11165973,0.01015192,0.00010481,6.28e-05,0.14457583,3.1622776601683795e-05
6,0.15522918,1.03264113,0.01011072,0.00016497,4.155e-05,nan,3.1622776601683795e-05
7,0.14182602,0.90873074,0.01007125,0.00010157,1.65e-05,nan,3.1622776601683795e-05
8,0.13036566,0.79210246,0.01002013,0.00075714,9.92e-06,nan,3.1622776601683795e-05
9,0.12148984,0.7146519,0.0099818,4.136e-05,2.48e-06,nan,3.1622776601683795e-05
10,0.11801301,0.67848363,0.00999593,8.356e-05,3.38e-06,0.1041891,3.1622776601683795e-05
11,0.17643725,0.63146624,0.01000348,4.753e-05,2.64e-06,nan,3.1622776601683795e-05
12,0.16586815,0.57884614,0.00999472,4.306e-05,2.74e-06,nan,3.1622776601683795e-05
13,0.14861964,0.49198399,0.01000263,0.00010147,3.61e-06,nan,3.1622776601683795e-05
14,0.13523493,0.42558844,0.01000038,4.464e-05,2.36e-06,nan,3.1622776601683795e-05
15,0.12364541,0.36817506,0.00998328,3.302e-05,2.03e-06,0.11197773,3.1622776601683795e-05
16,0.12031809,0.35129754,0.00999855,2.036e-05,1.52e-06,nan,3.1622776601683795e-05
17,0.11625168,0.33082579,0.01000398,1.866e-05,1.6e-06,nan,3.1622776601683795e-05
18,0.11227597,0.31106705,0.00999946,2.112e-05,1.47e-06,nan,3.1622776601683795e-05
19,0.11300072,0.31462674,0.00999432,4.04e-05,2.11e-06,nan,3.1622776601683795e-05
20,0.11205404,0.31028683,0.0099868,1.871e-05,1.47e-06,0.12332934,3.1622776601683795e-05
21,0.10918129,0.29606252,0.0099835,1.456e-05,1.22e-06,nan,3.1622776601683795e-05
22,0.10939885,0.29669889,0.01000329,1.184e-05,1.03e-06,nan,3.1622776601683795e-05
23,0.10876174,0.2939025,0.00998615,1.296e-05,1.25e-06,nan,3.1622776601683795e-05
24,0.10717746,0.2863331,0.00997187,1.503e-05,1.22e-06,nan,3.1622776601683795e-05
25,0.10821468,0.29164896,0.00996116,2.992e-05,1.64e-06,0.11336465,3.1622776601683795e-05
26,0.10688458,0.28400342,0.00998158,8.142e-05,3.15e-06,nan,3.1622776601683795e-05
27,0.10629849,0.28144844,0.00999321,1.187e-05,1.03e-06,nan,3.1622776601683795e-05
28,0.10620647,0.28048807,0.01000502,3.066e-05,1.77e-06,nan,3.1622776601683795e-05
29,0.10644666,0.28156335,0.01000258,5.524e-05,2.19e-06,nan,3.1622776601683795e-05
30,0.10581554,0.27911589,0.00997676,4.461e-05,2.13e-06,0.13352672,3.1622776601683795e-05
31,0.10695581,0.28498985,0.00998363,9.76e-06,1e-06,nan,3.1622776601683795e-05
32,0.10394111,0.26928144,0.01001008,8.35e-06,8.7e-07,nan,3.1622776601683795e-05
